"x.1","x.2","classes"
0.266516772472426,0.0212683718828278,"1"
-0.132681282705904,-0.413591297667485,"2"
0.382442823176198,-0.0102914813496441,"1"
0.216242422031849,0.0429459967033883,"1"
-0.601209533325347,0.633430463452016,"2"
0.314523685047425,0.0188886874781035,"1"
0.340648877194922,0.0163921162251785,"1"
0.32385508323011,0.0251299461014428,"1"
0.390309937137383,0.0142284137331901,"1"
0.298583946378275,0.039320610577503,"1"
0.398225639002237,0.0232588645453123,"1"
-0.068452351808676,-0.503887579695035,"2"
0.320493322972318,0.0432086723395488,"1"
-0.255012840026445,-0.29731819015697,"2"
0.319764572864874,0.0476311426933167,"1"
0.338210660939108,0.0489799430962341,"1"
0.31591434354167,0.0567522333486657,"1"
0.30563351190259,0.0623272637700797,"1"
0.210634968717243,-0.566105450384659,"2"
0.678043615109389,0.191040671109732,"2"
0.414091670161236,0.0536824727182087,"1"
0.722061958501084,0.065334506853788,"2"
0.356931324285278,0.0651869544793272,"1"
0.534750097652947,-0.193228233934922,"2"
0.47594040840949,0.0592897664759797,"1"
-0.174382569147103,-0.435013829411062,"2"
0.275186233920699,0.0810143559553159,"1"
0.259425156373925,0.0856920281666835,"1"
0.25630114458416,0.0893326092564035,"1"
0.355052471176655,0.0893037399664888,"1"
0.319372699177686,0.0948905699467823,"1"
0.438025542029073,0.0982631652506064,"1"
0.582990890855834,-0.24984284659785,"2"
0.565299098465344,-0.15962551983321,"2"
0.487173771217653,0.470963651577053,"2"
0.341065563807755,0.1037047506177,"1"
0.304280289003214,0.10767505423109,"1"
-0.121665575017361,-0.466208053396858,"2"
0.402327194379399,0.115048016743927,"1"
0.288787227351693,0.115356158765836,"1"
0.18291877668968,-0.53669607742533,"2"
0.395289880597052,0.125723872446359,"1"
-0.727982760684372,0.605216713860508,"2"
0.315696213562618,0.12538632546949,"1"
0.348698600829776,0.132683144522801,"1"
-0.162859211022973,-0.203147168761411,"2"
0.319365920700079,0.134646372566248,"1"
0.284163940834858,0.812770732880185,"2"
0.247009699185982,0.810155380084847,"2"
0.358448594228273,0.143642765953493,"1"
0.136684613639079,-0.410271205115593,"2"
0.360709370719236,0.149035064677559,"1"
0.715576988085604,0.0840340188162889,"2"
0.426772428427745,0.163551931058835,"1"
0.298638432019942,0.149768650916172,"1"
0.338708216793426,0.160929191478796,"1"
0.588377872692913,0.312950223974502,"2"
0.307415647697175,0.160179284756419,"1"
0.280612140958901,0.159481419447702,"1"
0.148751522148788,0.898398550880716,"2"
0.365246727182415,0.181585054986813,"1"
0.574974339845473,0.48581826631266,"2"
0.364540200008095,0.186906828715046,"1"
0.319387290042047,0.181624240290559,"1"
-0.888131574759612,0.209199789369986,"2"
0.419578762200948,0.211953221824073,"1"
0.277913866036454,0.180423032860955,"1"
-0.371534944748686,-0.0536809512937121,"2"
-0.00435487423866197,-0.554956829879621,"2"
-0.299907545826263,-0.0309816761747029,"2"
0.783888688638125,0.267856795678861,"2"
0.389410703544014,0.216333426700424,"1"
-0.284781381648131,-0.168954542657725,"2"
-0.17077851821493,-0.463390751859376,"2"
0.296854390987594,0.194962812020059,"1"
-0.809361004273821,0.386525876992232,"2"
0.262070741490834,0.188941365297839,"1"
-0.755736561690501,0.549198579139852,"2"
0.302302998197643,0.206428065059892,"1"
0.426125538411007,0.253692498904621,"1"
0.700568637300999,0.0575437281558311,"2"
0.388574695856021,0.247253864676838,"1"
0.232563993054956,-0.523829340195636,"2"
0.353372013374208,0.240631059748815,"1"
-0.895677724069941,0.139290829603686,"2"
-0.839232721440561,0.338086386886674,"2"
-0.189261674004211,-0.480085908375472,"2"
-0.641382827866583,0.667927088281105,"2"
0.353493279241467,0.246672679880315,"1"
0.388968125572505,-0.410296748298191,"2"
0.307725023343238,0.23433993093621,"1"
0.373960386672556,0.267460800346647,"1"
0.316933972874663,0.249300203747455,"1"
-0.357599956353877,-0.212996333305888,"2"
0.635264920231329,-0.0611858896945266,"2"
0.312487048419616,0.25305295524099,"1"
-0.137552820470616,0.819053046721232,"2"
0.365867389013833,0.283686358342732,"1"
0.562958540390663,0.548620886116514,"2"
0.355437894369625,0.285389259525683,"1"
-0.700856487373318,0.628660453947723,"2"
-0.522054575334898,0.739148513566456,"2"
0.335466558876663,0.282092461042223,"1"
-0.243410784091014,-0.496963095392816,"2"
0.381915387090697,0.312475311515123,"1"
0.261405695748691,0.255629794406264,"1"
-0.857667077761283,0.334905813044629,"2"
0.700833843122443,0.451613423642814,"2"
0.727409254434078,-0.0379557570526517,"2"
-0.243510019574817,0.963924878736654,"2"
0.326180513351995,0.296622115348806,"1"
0.662932647049649,-0.122185691301254,"2"
0.328502325833999,0.304549235461646,"1"
0.329602744695957,0.311963663375677,"1"
0.373484368180326,0.345345490423105,"1"
0.520971208158103,0.591825410603637,"2"
0.248584093070412,0.275576988684168,"1"
0.259814041456592,0.288439541362654,"1"
0.517652548895057,0.602291090910173,"2"
0.268510465695467,-0.515072238024863,"2"
0.706350369580611,-0.00631585747894467,"2"
0.374663871429199,-0.414490687970318,"2"
-0.973666303750884,0.03440736331059,"2"
-0.157781895743438,-0.401163890224051,"2"
0.325517820450994,0.337743477552882,"1"
0.0477986204686977,0.80372977694261,"2"
0.318718072459565,0.340527856136308,"1"
0.0635578788479565,-0.445607906041751,"2"
0.242811664519567,0.294971342423172,"1"
0.281468058200676,0.328781394984281,"1"
0.333837438784023,0.374425052415447,"1"
-1.01039224993241,0.0656218582242088,"2"
0.210923259685185,0.289368535135694,"1"
0.26957427428668,0.340939439029263,"1"
0.24137442880817,-0.449448389677765,"2"
0.284034549214293,0.359758694816002,"1"
-0.272077826299484,-0.454245169581301,"2"
0.244812487169684,0.335170452133913,"1"
0.662972796986493,0.162841375220476,"2"
0.274775589872683,0.367558347136543,"1"
-0.339790920030746,-0.317924653285497,"2"
-0.296004253527406,-0.402523513713873,"2"
-0.822968387751371,0.576333678160508,"2"
-0.256158521083812,-0.058637973580743,"2"
0.24797202442571,0.352158216594808,"1"
0.619033689154596,-0.204407037564474,"2"
0.249727356232066,0.361201540093476,"1"
0.648490928913202,-0.181179252717558,"2"
0.282285049035715,0.398778601510696,"1"
0.22361143767496,-0.410300793419347,"2"
0.229243537448549,0.357562083161618,"1"
0.248294910444508,0.383623347410009,"1"
0.207100478918832,0.351065803768435,"1"
0.260680549496187,0.413205533311622,"1"
0.392533498853763,0.68922626319615,"2"
0.457471415077396,-0.313557037261191,"2"
0.170239989351065,0.327695776834198,"1"
0.028370014873282,0.879277097315102,"2"
0.517443852888522,0.503430166973935,"2"
-0.204795714840009,-0.279165622541386,"2"
-0.332711508643712,-0.238635342446657,"2"
0.722536692668198,-0.0275942960957328,"2"
0.257292940452132,0.428239222351496,"1"
0.246495257379622,0.425994532516812,"1"
0.289802335760749,-0.486329729805904,"2"
0.677871269456806,0.146400160845119,"2"
0.22778072493948,0.414438944072969,"1"
-0.317150668856356,-0.00950943464809527,"2"
-0.420475500610931,0.731937235429363,"2"
0.694030317254749,0.602096387235209,"2"
0.462410317880401,0.662022870014154,"2"
-0.171553166719269,-0.274821433090107,"2"
0.223744275878176,0.41915047948133,"1"
0.213991377259478,-0.506949430341042,"2"
0.16402562385061,0.35730334925991,"1"
0.185308762198731,0.391452363251274,"1"
0.177426930198071,0.390495741841978,"1"
0.18848893220475,0.413906675913998,"1"
-0.719553666194786,0.668368693306169,"2"
0.167934390937367,0.396286778865074,"1"
0.170547129918202,0.40927782658944,"1"
0.393202335286653,-0.564497301493089,"2"
0.190711096769918,0.447593913146089,"1"
0.527536641895984,0.396428495762864,"2"
0.146370453879472,0.394390725227242,"1"
-0.354530192793476,-0.0702006544084686,"2"
0.185602429084868,0.462633403247858,"1"
0.181796032441759,0.468623273117692,"1"
-0.627796752017338,0.631528219864454,"2"
-0.334880175706252,-0.0674714021361527,"2"
-0.760569858016166,0.569940236797153,"2"
0.14398376379062,0.421039063382103,"1"
0.134793036894051,0.417028643587755,"1"
0.137242030352018,0.432145255726904,"1"
0.139621279214232,0.447923638020543,"1"
0.157145714372053,0.491524926213549,"1"
0.380390669711813,-0.348863008221217,"2"
-0.776449520082882,0.460562119222457,"2"
0.149805534536709,0.492018910126884,"1"
0.151160442270973,0.508873180967264,"1"
0.112385092571771,0.44802129437773,"1"
0.583099137277411,-0.212510880022803,"2"
0.554223822808886,-0.240534424703725,"2"
0.142261590794356,0.521961013533685,"1"
0.0813096465578071,0.410594511137677,"1"
0.116836534731852,-0.484858112152925,"2"
0.0882317561293745,0.43838513742684,"1"
0.595059192338202,0.371341285076874,"2"
-0.272034503961603,-0.0631185359103738,"2"
0.294253073531497,0.741569834687395,"2"
-0.715847603811759,0.609770785785049,"2"
0.100645803207586,0.480359574002805,"1"
0.0704140306416669,0.426075055834644,"1"
0.0592174129754902,0.413516618952745,"1"
0.0902471321651611,0.505674083040436,"1"
0.0118587223609565,-0.395591736196425,"2"
0.117604003350621,0.59543270085017,"1"
0.32437728505824,-0.409166756150895,"2"
-0.0593752992824262,-0.518465921809215,"2"
0.0373473190032008,0.400676151832734,"1"
0.675159472007146,0.227038360675743,"2"
0.475486611462868,-0.412298209494223,"2"
-0.0949452932345105,-0.327376739781643,"2"
0.0691259024475427,0.505789713374349,"1"
0.0434168330788191,0.450534975829549,"1"
0.571389207443538,0.273063032468091,"2"
-0.18460101885312,-0.408860986251185,"2"
0.0471580319217702,0.480852060405756,"1"
-0.826836900486853,0.454132278606286,"2"
0.0404888040444822,0.480337737011526,"1"
0.282429815263336,-0.428448779100666,"2"
0.0459230910447243,0.520540264566362,"1"
0.036818592948103,0.513090490501052,"1"
0.0429008938125341,0.561458065165207,"1"
0.024375509125676,0.518042486658611,"1"
0.0158708562147158,0.511243272827726,"1"
-0.0303954418706623,-0.541772746297599,"2"
0.0272811072027325,-0.590249720910659,"2"
-1.01507931684777,0.0274449189781126,"2"
0.0122251993258366,0.525000655984518,"1"
-0.00213318494816026,0.489947602757167,"1"
-0.015951639350848,0.452681281640245,"1"
-0.0137037917182447,0.496713571505628,"1"
-0.0295668550537416,0.441983301581008,"1"
0.0469349601804659,0.922925242138472,"2"
0.254883859831031,0.731318992063058,"2"
-0.0214548830732155,0.529603233211475,"1"
0.0217001895019261,-0.453480769435915,"2"
-0.0301596616714771,0.517107142806948,"1"
-0.0424876116861452,0.474392788747818,"1"
-0.0403474558689332,0.544649034521816,"1"
-0.0477062852290395,0.541945127929347,"1"
-0.055961995011912,0.528625466015882,"1"
-0.905060171943566,0.190515083974533,"2"
-0.0627440745542874,0.529633430204998,"1"
-0.914652978502669,0.323540535412302,"2"
0.00283846949449146,0.855626620611665,"2"
0.235220468213809,0.837811848050122,"2"
-0.0736512238519385,0.467789757244515,"1"
0.722073437731983,0.130343101528704,"2"
-0.081786831522927,0.428100020300828,"1"
-0.0848313150864306,0.4926349632611,"1"
-0.116774871895208,0.834728494015098,"2"
0.350155053169256,0.618683027513183,"2"
0.476489997845648,0.632616292778737,"2"
0.547823655859699,-0.00928931297264697,"2"
-0.0924435994538021,0.446281183441155,"1"
-0.878394098786645,0.319193026244659,"2"
0.548130676061962,0.60171104896,"2"
-0.096888068332398,0.553819026599916,"1"
-0.273755608367518,-0.0410253422533831,"2"
-0.104107683727893,0.483145082058766,"1"
-0.251649759158044,-0.245316827916024,"2"
0.243741590937281,0.77751449531407,"2"
-0.144961165652718,0.759000386800814,"2"
-0.111725521895039,0.579450608776714,"1"
-0.117901672071039,0.525181530984511,"1"
-0.123426692459358,0.489814486902896,"1"
-0.134674776704093,0.580460186840317,"1"
-0.134825807795975,0.465588087268448,"1"
0.298344597631271,0.770337460591537,"2"
0.217433697097563,-0.434143242035559,"2"
-0.143764743125501,0.500123674662205,"1"
-0.144641487027082,0.436777085039716,"1"
-0.154309596756264,0.472632295988954,"1"
0.319464032107141,0.653844489822954,"2"
-0.167121845649883,0.526775781953046,"1"
-0.169034449621484,0.486899426246254,"1"
0.14289891595178,0.739578493582105,"2"
0.181114299747912,-0.578709229098012,"2"
0.618409256340845,0.304721166394438,"2"
-0.176869483783023,0.494938059695888,"1"
-0.176029053070612,0.446518935205632,"1"
0.295977830372686,-0.482170006017621,"2"
-0.198336807597162,0.54029518485698,"1"
-0.19804868823372,0.498087999005892,"1"
0.0973811792500163,-0.515255222379823,"2"
-0.394966936627072,0.0196185852495267,"2"
-0.211257121773465,0.529331372536334,"1"
0.151529703343979,0.79627446802222,"2"
-0.218643733195731,0.528880369793346,"1"
-0.21743051552661,0.490138020285113,"1"
0.539317335369852,-0.317437578379324,"2"
-0.213955084379548,0.446136986120144,"1"
-0.240031242437828,0.523343435903993,"1"
-0.249904184337868,0.531658623916754,"1"
0.587234267910086,-0.0639183128348915,"2"
-0.207915025118656,-0.359396475279304,"2"
0.0638929904971717,-0.51496397434896,"2"
-0.244916604622263,0.486055811286162,"1"
0.43526343542283,-0.39920417658513,"2"
0.597996115468992,0.392350808815463,"2"
-0.252675265556391,0.487712602495536,"1"
-0.271342829131388,0.52422238997487,"1"
-0.272999552227981,0.504741366480496,"1"
-0.508726296722971,0.738408884682832,"2"
0.347404674102726,0.712535290408864,"2"
-0.282814215078723,0.510787326391305,"1"
-0.280763245270108,0.482463345308592,"1"
-0.315470728712642,0.556165075088893,"1"
0.631979737096569,0.347249367976938,"2"
-0.302264906320796,0.498611558375791,"1"
-0.279677665938475,0.421522849121209,"1"
0.586614942451989,-0.368864782248244,"2"
0.155148219401823,-0.480610190588276,"2"
-0.956456379764228,0.0687031713805872,"2"
-0.307068730857613,0.471003605105398,"1"
-0.672132400209922,0.649866430153247,"2"
0.705184462027459,0.138893211348787,"2"
0.421644135565647,-0.369538283344855,"2"
0.362371548409896,0.591438745267383,"2"
0.552172043381873,0.450082938021916,"2"
-0.300214024132739,-0.177036913010837,"2"
-0.305549018890541,0.449147564301962,"1"
0.614720501777615,0.0790962618024335,"2"
-0.241444933898983,-0.17065418795661,"2"
-0.928571794833474,0.302871132712717,"2"
0.599494492313143,0.363555204174883,"2"
-0.283571993703259,0.382425967845319,"1"
0.414304254780421,0.668304396648469,"2"
0.560534804885675,-0.369057753382696,"2"
0.308295976506541,0.688154026347448,"2"
0.738935467159832,0.353594404664554,"2"
-0.372670650473938,-0.108970525926893,"2"
0.610581871282873,0.597485063824054,"2"
0.664006002456215,-0.169083699134576,"2"
0.55023145431524,-0.285478352952897,"2"
0.333129868433722,-0.411524422879289,"2"
0.348252275758291,-0.548969278983389,"2"
-0.316650661779951,0.439994720432006,"1"
-0.328185395582904,0.448136038300828,"1"
-0.323851753625431,0.423178755757093,"1"
-0.477708347493252,0.807259493233313,"2"
-0.321927432021809,0.404334326896619,"1"
-0.312963797171088,0.372995080276796,"1"
-0.357187508079287,0.441851227661686,"1"
-0.290954607282804,-0.0448531295176299,"2"
-0.368087143847756,0.446484444791128,"1"
-0.520067644507147,0.78548468741357,"2"
-0.425675836371517,0.773326655715549,"2"
0.332914835085617,0.788422970649821,"2"
-0.395435285523045,0.479249135950052,"1"
-0.395942905192292,0.464458333103301,"1"
-0.331445757546339,0.343538576161306,"1"
-0.298619837303423,-0.371451941029413,"2"
0.0312038211417983,0.769059401115578,"2"
0.695977144587107,0.0132526062665646,"2"
-0.359802850454844,0.37735277247432,"1"
-0.383255058329783,0.822121159165841,"2"
0.536510628776824,-0.444312159697487,"2"
-0.405573156496438,0.436030023148834,"1"
-0.397268482709284,0.409738044022697,"1"
-0.415919294708108,0.424122350335836,"1"
-0.428551047645398,0.428890643040259,"1"
-0.368554609619822,0.332455266796386,"1"
-0.404975063336552,0.370996009234791,"1"
-0.394834260336365,-0.125696711635527,"2"
0.687126586400619,0.0408614935304028,"2"
-0.446064501862584,0.413387132972995,"1"
-0.243572227510008,-0.463067536934284,"2"
-0.956401044060942,0.130875154374733,"2"
0.143895707860376,0.806247215873016,"2"
-0.865559918052062,0.512637440707362,"2"
-0.30743790265244,-0.0456518144536625,"2"
0.653455889651917,0.407214420676443,"2"
-0.27098923434586,-0.321259102102429,"2"
-0.469414010575203,0.430606572575821,"1"
-0.455953349305654,0.400821763209552,"1"
0.359859800139907,0.662057057854077,"2"
-0.382128562830175,-0.0728676034110694,"2"
-0.940241131747558,0.114499794303022,"2"
-0.0672995221057055,-0.418830968985562,"2"
-0.43393847784235,0.36193005756262,"1"
-0.061160107164075,0.883156273630958,"2"
-0.494029647309488,0.421726604089886,"1"
-0.436581410245021,0.342965331923694,"1"
-0.438491740678297,0.334474430867588,"1"
0.110850864868451,-0.513918421369678,"2"
-0.473913261296843,0.362739983797945,"1"
-0.533296482582816,0.414778654867947,"1"
-0.0957404790137732,-0.427751215682385,"2"
-0.452880525716767,0.318952212726169,"1"
-0.262181623134431,-0.245540860590939,"2"
-0.299064508463739,0.813045171181322,"2"
0.615540066816692,0.0554411362833762,"2"
0.552338150388446,-0.145234591822917,"2"
0.605004299336476,0.00203024429126192,"2"
-0.472963094286248,0.329204508496945,"1"
-0.36699777950991,0.808824003998615,"2"
-0.517369620049585,0.362596270991072,"1"
-0.516458713386404,0.350526887112977,"1"
-0.476724567782843,0.302472535660901,"1"
0.650134436314701,0.0109944097295067,"2"
-0.484208531140149,0.299556402208347,"1"
-0.865821990600176,0.466414629528467,"2"
-0.559928345668944,0.35703277167903,"1"
-0.55043430667568,0.719527156704268,"2"
-0.493649737832324,0.288512053650577,"1"
-0.530457091507322,0.73070232187916,"2"
-0.540350103101938,0.318307149008085,"1"
-0.538976941462643,0.306817946337143,"1"
-1.01747198752056,0.298880644381127,"2"
-0.533757867465411,0.292512188877841,"1"
-0.195613436040378,-0.395097711031436,"2"
-0.571552162265589,0.31206508847428,"1"
-0.504037232372979,0.250500033181421,"1"
-0.685207876347284,0.529197430846618,"2"
-0.342988567328839,-0.176888862192415,"2"
-0.780377129199595,0.508103686700421,"2"
-0.533269884680041,0.263145542585608,"1"
-0.552116383652223,0.267333343925114,"1"
-0.519906915911928,0.235309327404001,"1"
-0.583746412538642,0.269866137294742,"1"
0.60191860711385,-0.0443594113278731,"2"
-0.319188343549478,-0.196508485027336,"2"
-0.39821810554763,-0.148179698112774,"2"
-0.518507898645872,0.216956914377215,"1"
-0.62995657962541,0.279982852487119,"1"
-0.543845469885561,0.215887523499407,"1"
-0.636727040015621,0.263448267456895,"1"
-0.534748960877582,0.193227565129797,"1"
0.645829077173183,0.47018173347666,"2"
0.342708169980156,-0.515838645708247,"2"
0.442254020535098,-0.360591014447524,"2"
0.0630217401424325,0.827122453663902,"2"
0.0915675778536907,-0.480154317116776,"2"
-0.338557846333353,-0.117647958105682,"2"
-0.179542899384961,-0.516919781342368,"2"
-0.819932492356331,0.463848989139361,"2"
-0.557171296062905,0.197703985163635,"1"
-0.63598538317291,0.232766602760514,"1"
-0.575557944069268,0.190473501214266,"1"
-0.625584564559604,0.20781873758823,"1"
0.674821968112543,0.181672057680922,"2"
-0.262526869367193,-0.099695433587204,"2"
-0.70023475050912,0.703746296948071,"2"
-0.566468756067509,0.168568463716571,"1"
-0.632144177816064,0.19227336881278,"1"
-0.0693290545641877,-0.453263712962367,"2"
-0.617779101113587,0.176157096723702,"1"
-0.631835297255284,0.173570390553084,"1"
-0.076917488842747,0.761991641265364,"2"
-0.168081432298379,-0.332307443166657,"2"
-1.03846844024174,0.0570877321789541,"2"
-0.681601022221609,0.186394948690634,"1"
-0.647178303050711,0.161915093224017,"1"
0.538050136197552,-0.37123474884267,"2"
-0.858555286819085,0.446591335178358,"2"
-0.634696057169821,0.147582457902344,"1"
-0.669182422369888,0.152295758579661,"1"
0.194200321907912,-0.516189174896082,"2"
-0.697831114363283,0.153834217303594,"1"
-0.609783788001362,0.111858677427986,"1"
-0.40403400764563,-0.0930513110359026,"2"
0.00720567301169516,-0.572411702349151,"2"
-0.657127573176807,0.120143785082714,"1"
-0.657121477298028,0.111149058263334,"1"
-0.629688954540678,0.0933556865406186,"1"
-0.294706205084694,-0.0243102147820802,"2"
-0.723275814922559,0.113773155372739,"1"
-0.325801845459151,-0.303017185464147,"2"
0.741059310844554,0.1793620112939,"2"
-0.0866308754979265,-0.514765464418656,"2"
0.507446833348579,0.463879485364707,"2"
0.615961593730154,-0.0889214403818525,"2"
-0.698464295587445,0.0967067194493389,"1"
-0.558900898164466,0.0481645400632629,"1"
-0.694917623822719,0.0771113415406647,"1"
-0.702305458958541,0.0697785195859713,"1"
-0.687480065788931,0.0569656126954939,"1"
0.550814379343266,-0.306135397310565,"2"
-0.650202657686518,0.0395221936123222,"1"
-0.640795842377495,0.0290422907085698,"1"
-0.651973902817334,0.0229415117057497,"1"
-0.702688304761911,0.0239088870124742,"1"
-0.738220150857193,0.0209343574307466,"1"
0.10819023519191,0.834370752158721,"2"
-0.692672207437372,0.00413891036143573,"1"
-0.304496874133552,-0.249460194586419,"2"
-0.0215411679664148,0.830488311351863,"2"
-0.76526180309161,0.00581175043295015,"1"
-0.635870615491435,-0.0212379640645749,"1"
-0.699850317809211,-0.0217250300917706,"1"
-0.702286480655348,-0.0304409263841275,"1"
0.591049656827074,0.484452966083603,"2"
-0.656045371421067,-0.0437748971191708,"1"
-0.575490923385141,-0.058675776492061,"1"
-0.692948925614949,-0.0580605463211591,"1"
-0.926744208523914,0.135649580690819,"2"
-0.65592901730015,-0.0689658605238544,"1"
-0.654568444310975,-0.0774221404785585,"1"
-0.256440915549407,-0.223066563052256,"2"
-0.931724650831759,0.448352351055088,"2"
-0.708583149905779,-0.084237753968175,"1"
-0.30388903687964,-0.2548157006202,"2"
-0.679218294882825,-0.0938098383772351,"1"
-0.686485309218686,-0.102514740919973,"1"
0.331232864368446,-0.52958308527928,"2"
-0.789698002616477,-0.112330779578325,"1"
-0.375279264391484,0.00291331957355665,"2"
-0.73977059737707,-0.121401096024794,"1"
-0.810273025374506,0.501583747714731,"2"
0.504219577152183,0.603682413570758,"2"
-0.679777172628874,-0.128854138249966,"1"
0.542181454647885,0.145223962810393,"2"
-0.291466722055242,-0.202892034249038,"2"
-0.758530078470204,-0.141458309662964,"1"
0.512188742470188,-0.357497039019751,"2"
-0.767253810676722,-0.151850769275937,"1"
-0.119207432404076,-0.505508310014705,"2"
-0.623623683600651,-0.151242216323793,"1"
0.607378312569754,0.223272455755065,"2"
0.395682589812842,0.563100941798597,"2"
-0.306302123950057,-0.239189223411608,"2"
-0.636144053960022,-0.16051170814624,"1"
-0.279308867354059,-0.413617473304667,"2"
-0.940183941036298,0.364186537054333,"2"
-0.591083515999338,-0.164394227145622,"1"
-0.30086953492485,-0.221130102350389,"2"
-0.32891628377512,-0.0813470733403833,"2"
-0.0778089879636363,-0.510340825676428,"2"
-0.667864617543292,-0.180887267571003,"1"
-0.723651720626696,-0.196779794586208,"1"
0.413239252970968,0.594582203350941,"2"
-0.759551040617095,-0.211414147964239,"1"
-0.0710617831129019,-0.531990226832779,"2"
-0.679214613316229,-0.209370021514408,"1"
-0.562415899227372,-0.199242093634019,"1"
-0.933168488530667,0.277978064994971,"2"
-0.59965324874711,-0.213565434254129,"1"
-0.68613977483621,-0.238372753535271,"1"
-0.618800811189519,-0.234001613353097,"1"
-0.636641185448491,-0.246500973994436,"1"
-0.662197012172561,-0.261337253682075,"1"
0.0543569895621172,-0.478428780208585,"2"
-0.615269999525234,-0.259138396775122,"1"
-0.671737442959311,-0.282536137047459,"1"
-0.114684843317048,-0.394319108021463,"2"
0.657209013177875,-0.17563005578073,"2"
0.562927098707075,-0.305356982421652,"2"
-0.217694665895888,0.86253918456666,"2"
-0.34486782270821,-0.249279623954099,"2"
-0.673675145495942,-0.292677169083365,"1"
-0.587215623128583,-0.277602401868336,"1"
-0.683928141904211,-0.315297630546355,"1"
-0.637747801411293,-0.310809400843126,"1"
-0.15349711053802,-0.310163103150885,"2"
-0.261332029456834,-0.462933428739379,"2"
0.757143171058655,0.0925428279466586,"2"
-0.534309491929181,-0.286274290122897,"1"
-0.384775163881395,0.791316466918414,"2"
0.187637567307065,0.749043247135359,"2"
-0.610680489370112,-0.320606207511394,"1"
0.635563365918422,-0.0445292581142619,"2"
0.586708225870937,-0.103406040954119,"2"
-0.64026188670139,-0.340492817457067,"1"
0.396038902494251,-0.407885721688322,"2"
-0.609761038651694,-0.338978845108456,"1"
-0.618549625710045,-0.351883125612011,"1"
-0.605240312449353,-0.356283110505934,"1"
-0.649925917438778,-0.384571089686677,"1"
-0.487638157893805,0.746881077932807,"2"
-0.60207358625265,-0.374370534950832,"1"
-1.0130997362192,0.240422379419269,"2"
-0.653017333070913,-0.40701831156211,"1"
-0.58280124972502,-0.385320866225667,"1"
-0.0467835959199629,-0.523447169176414,"2"
-0.58939050769165,0.654951277569314,"2"
-0.59314031800446,0.767334802660528,"2"
-0.574838852514549,-0.391347592492883,"1"
-0.600860097509121,-0.414055703511534,"1"
-0.60478805308301,-0.426471080973802,"1"
0.234562849034048,0.671644333191955,"2"
0.194128894072121,0.79292593062694,"2"
-0.303097647919457,-0.0545640270090995,"2"
-0.6190155334043,-0.444592971221066,"1"
-0.127539413300411,0.837727128167102,"2"
-0.559704046079904,-0.423415854361013,"1"
-0.994940898865371,0.193495825565513,"2"
-0.639849615285084,-0.478485902512991,"1"
-0.84218271698364,0.0802944046394102,"2"
-0.529089112446317,-0.426349423184721,"1"
-0.397518847075485,0.761729934107684,"2"
0.647740844549921,0.110986745799985,"2"
-0.576416188962305,-0.464481408097623,"1"
-0.533620168467573,-0.449342274772238,"1"
-0.175903283798733,0.774976288561474,"2"
-0.575080876077634,-0.485885290495929,"1"
-0.407090858990495,-0.137751329085328,"2"
0.158366235089317,0.754525432138836,"2"
-0.614341657065081,-0.522690210845286,"1"
-0.527294443428868,-0.477088019927228,"1"
0.00314135278257172,0.779813464733299,"2"
-0.256348481821447,-0.292160240577617,"2"
-0.621853067833258,-0.552716305041546,"1"
-0.573219615268036,-0.531465212108956,"1"
-0.585974668550211,-0.552940737994556,"1"
-0.959192340071314,0.169717430000255,"2"
0.51082926285937,0.545248889932271,"2"
-0.559134106954433,-0.545782612464622,"1"
-0.572867202099497,-0.568738787980494,"1"
-0.570878321046672,-0.580219217594231,"1"
-0.44893969836863,-0.495518795705339,"1"
-0.521924601735105,-0.566700088188979,"1"
-0.0644397880466583,-0.557510834343117,"2"
-0.44569132321568,-0.514987220170657,"1"
-0.429565200811762,-0.512410213307221,"1"
-0.503336121199523,-0.589527306594194,"1"
0.566649756085612,-0.287748424351536,"2"
-0.446809626285167,-0.551163692091502,"1"
-0.418604315002355,-0.537030626467681,"1"
0.326753330764686,-0.462009849427216,"2"
-0.469873528833047,-0.598378447398947,"1"
-0.484906978606324,-0.626810993602255,"1"
-0.83164674746313,0.41450590624891,"2"
-0.512640342609273,-0.669258332338056,"1"
0.582876437872398,0.5023272110969,"2"
-0.467584159026565,-0.63787142908305,"1"
-0.415976335071673,-0.597502417945049,"1"
-0.470636242136837,-0.671027472506983,"1"
-0.410579318244424,-0.619236561238541,"1"
0.608017792899703,-0.246054598471853,"2"
0.398105549069604,-0.483900559886962,"2"
-0.428524908217347,-0.654303656030479,"1"
-0.390466375735397,-0.624669953364717,"1"
-0.426855565688897,-0.683541692651415,"1"
-0.387873984419405,-0.651320330800983,"1"
-0.226355620434116,0.771246903760115,"2"
0.328292726319608,0.701505031416279,"2"
-0.452741694460766,-0.749928246788775,"1"
-0.385864744618509,-0.680465769350249,"1"
-0.0711104553319101,-0.414079202279572,"2"
-0.389299728038235,-0.701775540165442,"1"
-0.318679995072809,-0.621322698289082,"1"
-0.33924443446555,-0.665991282357644,"1"
-0.399180292243637,-0.131496849913376,"2"
-0.375201902224415,-0.735408293403792,"1"
-0.352247292262185,-0.719820039548093,"1"
-0.298870291352769,-0.655992708825477,"1"
0.497557543139708,0.522833954085914,"2"
-0.929549801378173,0.237089327903418,"2"
0.650067476661047,-0.153897670413919,"2"
-0.441815331031803,0.845642466436448,"2"
-0.342685306272553,-0.742871969887212,"1"
-0.323159819081769,-0.730833246520949,"1"
-0.363744666049796,-0.819107200864831,"1"
-0.304846988682183,-0.739710725447177,"1"
-0.274774741558014,-0.706742789756025,"1"
0.768485880837875,0.28599527946355,"2"
-0.277591539130128,-0.732091380953664,"1"
-0.241818180078632,-0.685432978055384,"1"
0.296773368475285,-0.527835640265863,"2"
0.534955103814864,0.390839619152278,"2"
-0.265018536880183,-0.103294634901617,"2"
0.615630597295654,-0.193370578004844,"2"
-0.346273653819925,-0.328933994409707,"2"
-0.266570210893865,0.817858516528264,"2"
0.327633935646131,-0.446974387748692,"2"
-0.0956924067246462,0.81518990846841,"2"
-0.683613376499394,0.592108363363239,"2"
-0.291426596682394,-0.802976396459452,"1"
0.0821184319871832,-0.562288699502178,"2"
-0.260616445826494,-0.765099738531751,"1"
-0.252589656437271,-0.772088572865431,"1"
0.133514123127618,-0.55838398875741,"2"
-0.268883674711826,0.775472288492546,"2"
-0.226821414673229,-0.740933730196184,"1"
0.584298087512085,0.458187441071661,"2"
-0.247093972808801,-0.810343862746412,"1"
-0.972970703882197,0.0842975351650771,"2"
0.405335610864048,0.673080308994703,"2"
-0.25086910619747,-0.846214574611874,"1"
-0.378518153208506,-0.201543690620027,"2"
-0.238618902201831,-0.845965816608098,"1"
-0.211003524994947,-0.807187625295664,"1"
-0.202239077516735,-0.813877470668229,"1"
0.0726640746007289,-0.482936400827661,"2"
-0.289140871999094,-0.0683483770637541,"2"
0.118552998778538,0.758145808666727,"2"
0.517201847650873,-0.28895987226476,"2"
-0.185722683638616,-0.800027736880296,"1"
-0.582041273867791,0.663925887084859,"2"
-0.161368869584913,-0.762912980677893,"1"
-0.178050136423898,-0.841870273409212,"1"
-0.12818088335934,-0.725394324106682,"1"
-0.136361576142401,-0.782352745734216,"1"
-0.152955836147893,-0.87232017522768,"1"
0.594215566621455,-0.209622741719361,"2"
-0.130140011564822,-0.833648501669077,"1"
-0.328762340278402,-0.0902318724584137,"2"
-0.171379796478921,0.846385080893212,"2"
0.657009617115688,0.288127873392343,"2"
-0.330005217324074,-0.273125975642551,"2"
0.611643658363325,0.349211106148098,"2"
-0.119891199888775,-0.836754763617931,"1"
-0.111011983523517,-0.845224747447392,"1"
-0.102111948115554,-0.854316401842656,"1"
-0.0959980971277977,-0.876199908001657,"1"
0.226715173097956,0.790285252628127,"2"
0.0792592170878624,0.761562922038322,"2"
-0.0412893842981642,-0.528955495858337,"2"
-0.770539112382175,0.51518883046436,"2"
-0.0734185819580717,-0.825503973042534,"1"
-0.0770413686338172,-0.895145524566044,"1"
-0.237058376111348,-0.465804688422473,"2"
-0.324222242638817,-0.158479268375579,"2"
-0.310566082836303,0.813828232150807,"2"
0.564096996112995,-0.27592699183911,"2"
-0.0523266628192532,-0.827212733594118,"1"
-0.04560366032317,-0.849232296623178,"1"
-0.0395895453013792,-0.878797577237522,"1"
0.555804843446379,0.310283458458742,"2"
-0.251556801402741,0.796072788738336,"2"
0.383631922695332,-0.490817664054283,"2"
-0.0333332746360559,-0.911639884347216,"1"
0.659761614885066,-0.0941571505639813,"2"
0.471095442526956,-0.460194816011039,"2"
-0.0204598803947156,-0.903235201594434,"1"
0.000986437757144044,-0.825585869305664,"1"
0.00751225486709658,-0.860623134811012,"1"
0.727832270967564,-0.0570635903065503,"2"
0.126575966655946,-0.569564493056101,"2"
0.0144068270203559,-0.900807804923662,"1"
0.461926414615075,-0.338856103675309,"2"
0.0297717944783896,-0.856918386436519,"1"
0.0410693437987764,-0.851722929471172,"1"
-0.252597629728835,-0.356179507342698,"2"
0.23721303353645,-0.484168737753749,"2"
-0.370344122528121,-0.155566791525865,"2"
0.0523843107971476,-0.844061557792698,"1"
-0.17718831688932,-0.357061788615428,"2"
0.064919958084558,-0.80810126052319,"1"
-0.296455762340723,-0.305326814439524,"2"
-0.087623717181477,-0.482057417339404,"2"
0.0734022067102932,-0.856216799290863,"1"
-0.583738151981494,0.707566355020364,"2"
-0.784084835274533,0.558656637398092,"2"
-0.406327666956675,-0.178281561373353,"2"
-0.17265822558664,-0.246012291875422,"2"
0.0852541885586839,-0.817364385416325,"1"
0.094912874378147,-0.88143870415926,"1"
0.106138275852227,-0.862914952912581,"1"
0.116507188831929,-0.815269147430179,"1"
0.127319603874255,-0.829439042668345,"1"
0.64928724894543,0.213593857258185,"2"
-0.823976943388804,0.528080904541796,"2"
0.450898355534418,0.593211344434381,"2"
0.138998420056467,-0.855842088837621,"1"
0.150279364927978,-0.861116973092972,"1"
0.165079241560252,-0.918064355771283,"1"
0.166799286000486,-0.787436800262429,"1"
0.187691654954353,-0.905160945656674,"1"
0.188028125324016,-0.794434967660498,"1"
0.202032167567486,-0.825354185873146,"1"
0.212112438454012,-0.819361497158858,"1"
0.234321635581443,-0.899342933169935,"1"
0.22486515934717,-0.761650297075217,"1"
0.232831340313089,-0.748439595725822,"1"
-0.568521242659542,0.705167044902955,"2"
-0.284272907356927,-0.304094987633462,"2"
0.622534355050778,0.296832249102125,"2"
-0.401585553067961,-0.0171174528445048,"2"
0.263772963986623,-0.863363806480513,"1"
0.270509776380986,-0.8380877629194,"1"
-0.538320301243459,0.565213974978971,"2"
-0.140853376356281,-0.489315163904429,"2"
0.269411825149508,-0.778011290425085,"1"
0.288368847743138,0.673872009033023,"2"
0.620844553684101,0.200495758074631,"2"
0.280914397615378,-0.781749264878992,"1"
0.2963579523852,-0.80151651977246,"1"
0.292745485055737,-0.742046709619742,"1"
-0.28029839157949,0.778966363976684,"2"
0.264760506234632,0.6522870062524,"2"
0.322320189133313,-0.815154601546364,"1"
0.340174914965633,-0.838152390008601,"1"
0.264097150821557,-0.455460264065775,"2"
0.350895370684722,-0.833958336809867,"1"
-0.391697942583226,0.777636353351202,"2"
-0.0243796521669943,-0.578794468499731,"2"
-0.374266851441511,-0.114136277990838,"2"
0.328070254615093,-0.719139452866892,"1"
0.363034627482828,-0.796326473530245,"1"
0.359657522224028,-0.750872786300223,"1"
0.53111373837033,-0.234136264665418,"2"
0.393578580277983,-0.816803612084276,"1"
0.41798251454933,-0.850702582712644,"1"
0.41192525222594,-0.800229373326693,"1"
-0.585755955726526,0.689637987643302,"2"
-0.91838784412661,0.311739150726114,"2"
0.438208788589132,-0.836366316034466,"1"
0.430752465598039,-0.785906842218971,"1"
-0.946211868219376,0.411384349728337,"2"
-0.973320858692864,0.308883147516401,"2"
0.45720200833042,-0.819707764894494,"1"
-0.972390945599008,0.199740552053821,"2"
-0.305785188731974,-0.133282558709271,"2"
0.409454741319277,-0.679654359517052,"1"
0.411554987307973,-0.404674119261375,"2"
0.481863251927505,-0.816519056313071,"1"
0.482365590605523,-0.789057950556248,"1"
-0.124606493783624,-0.501261759126018,"2"
-0.245626168046724,0.824418889078422,"2"
0.470070705549919,-0.736335475278446,"1"
-0.0339083352145382,0.810217604279781,"2"
-0.346563980289948,0.861342356591648,"2"
0.568793939580533,-0.364898236816675,"2"
0.375025619848073,0.579302570006517,"2"
-0.0915308387265283,-0.384886267211952,"2"
-0.221897333149456,-0.322806898524623,"2"
-0.00846749981432285,0.852270961093369,"2"
0.513204233003782,-0.798481755036524,"1"
-0.673352536959049,0.632977618473393,"2"
0.512203979983066,-0.77010884014507,"1"
0.507878655296779,-0.73680231076274,"1"
-0.206887176775363,-0.329634149294554,"2"
0.539708485103134,-0.771600263554362,"1"
0.524763739712675,-0.720547043637667,"1"
-0.25882340237478,-0.187929710742801,"2"
0.0881624744188448,0.842552648835089,"2"
0.573230665876723,-0.781906528629337,"1"
0.540709593573834,-0.703172272198404,"1"
0.549825914387661,-0.696557241895929,"1"
0.523625442707206,-0.6338614155067,"1"
0.607298849013586,-0.743950435703403,"1"
-0.978829569357795,0.0981322038241036,"2"
-0.16210566706542,0.872233484117424,"2"
0.595875982550681,-0.704838179768943,"1"
0.565946681353715,-0.640406839282288,"1"
0.66223383247478,-0.758541737514971,"1"
0.638487019551417,-0.70387416527384,"1"
-0.237413459090581,-0.247816066964865,"2"
-0.153980220415327,-0.298311849224414,"2"
-0.82950202712296,0.358828626464636,"2"
0.731692678680444,0.0179111421872583,"2"
0.687097094655269,-0.749189695898451,"1"
0.561853433648332,-0.382028477696449,"2"
0.635249750517621,-0.659877188933362,"1"
-0.00277279430815117,-0.411553502236934,"2"
-0.459799806485147,0.740436457802573,"2"
0.452763517092485,-0.31883092632783,"2"
0.63957944661056,-0.646591659820188,"1"
0.703440191647345,0.203619665748066,"2"
0.549217248868093,0.117145582836837,"2"
0.619250212759068,-0.602885678925024,"1"
0.640840362765521,-0.611894944328824,"1"
0.676911656481534,-0.637186113722389,"1"
0.171613254684048,0.76214703908893,"2"
0.112587368258087,0.810064972331975,"2"
0.670324403988191,-0.611638192024799,"1"
0.716418055363047,-0.646138648369895,"1"
-0.226474716093658,-0.301171360489078,"2"
-0.324879748106143,-0.0859789863648487,"2"
0.600502022433482,-0.0598471263636926,"2"
0.664239219531037,-0.570897939081514,"1"
0.670713624859408,-0.561604901380672,"1"
0.399547132457232,-0.470552089780772,"2"
0.660743676886969,0.0348750442044054,"2"
0.67508122425805,-0.550182554213548,"1"
0.720235699191462,-0.580289449774108,"1"
0.623177992766679,-0.125391404480006,"2"
-0.458141921948125,0.791967992463308,"2"
0.16314077852975,-0.49313123394684,"2"
0.738792614319836,-0.582174615688176,"1"
0.697489828762692,-0.52583021544212,"1"
0.492672339629064,0.60655125273975,"2"
0.343361921278864,0.65552825453702,"2"
-0.395868480337259,-0.164867581905292,"2"
0.77137046227609,-0.58008795204528,"1"
0.772641532149622,-0.564681349262864,"1"
-0.275575475908223,-0.202321949187522,"2"
0.767857809022855,-0.544170161344533,"1"
-0.350987073358048,0.834275345449794,"2"
0.375369033792487,0.507371928261498,"2"
0.765947215502972,-0.526718139843476,"1"
0.764886106520143,-0.510395035091427,"1"
0.801453226049835,-0.525520226979481,"1"
0.0904277043958673,0.903011782979472,"2"
-0.20889916364896,0.88438074997721,"2"
0.724019968544667,-0.447598327518064,"1"
0.104116887877795,-0.51587338243324,"2"
0.55183624116905,-0.257592814406767,"2"
-0.190806194406024,-0.279491213759304,"2"
0.799742169733456,-0.493323235165101,"1"
0.267658259296562,-0.488248829564235,"2"
0.476499936440126,-0.388880728778587,"2"
0.213218328139009,0.689748358314884,"2"
-0.190543650046593,-0.436698106573993,"2"
-0.106198800876529,0.923757768058413,"2"
0.62207371372733,-0.264674959335307,"2"
-0.373843777761356,0.870136717033454,"2"
-0.708478932944717,0.568366283112842,"2"
0.441928207007459,-0.383363276286631,"2"
-0.0102869928826955,-0.54847631190171,"2"
0.849436131804662,-0.516328244257052,"1"
0.622171298299886,0.243339376694215,"2"
0.791700125520509,-0.457678258554143,"1"
0.890726435779354,-0.515140503179527,"1"
-0.296417128225675,-0.140820154708394,"2"
0.865670297797902,-0.481521228873958,"1"
0.198517039095691,-0.588664335552356,"2"
-0.233151014091608,-0.150133161801849,"2"
0.631929124703501,0.367005128014784,"2"
0.649274558738923,0.26748875943867,"2"
0.802745135388324,-0.423117944696433,"1"
0.66470760161341,-0.113708014223482,"2"
0.845650394149447,-0.43797271147378,"1"
0.838427380963523,-0.418910712821647,"1"
0.845060655646158,-0.409076423762421,"1"
-0.792031939499046,0.616950335041331,"2"
0.564856010628336,-0.184723090713608,"2"
-0.309178104657484,0.764963432756271,"2"
0.0763608493393323,-0.532345039714369,"2"
0.426319608840053,0.651761885933754,"2"
0.918153879303213,-0.440019637550449,"1"
0.333142031661506,0.657302097592661,"2"
0.0418998603909223,-0.531488454178234,"2"
0.854142724080591,-0.386816922025469,"1"
0.824713266092147,-0.356053443534051,"1"
0.899141398785144,-0.384900020149877,"1"
0.205368767917971,-0.499675615219697,"2"
0.88393916028211,-0.362497253835841,"1"
0.0264216733146334,-0.542958638915909,"2"
0.916617223862333,-0.366127498758969,"1"
-0.0850705306366513,0.824850636656284,"2"
0.14715650869142,-0.464131174834034,"2"
0.884396252376504,-0.335542265386744,"1"
-0.478941315136048,0.754827847330876,"2"
0.853750132020371,-0.306933028267761,"1"
-0.909983152629577,0.242449427812634,"2"
0.907740550598619,-0.320210685319642,"1"
0.907404087084932,-0.306619112178885,"1"
-0.988412701815545,0.0113387433115943,"2"
-0.193795648709133,0.850198864611237,"2"
0.877121434902491,-0.279679498604759,"1"
0.51831484917885,0.563722650494229,"2"
0.978497222770424,-0.311137684261703,"1"
0.416705667896145,-0.42527428567393,"2"
-0.261653205807805,-0.0368447698310837,"2"
0.138329875794986,-0.518941924195414,"2"
-0.284713483408261,-0.210252789738494,"2"
0.451350316147004,-0.33810623954271,"2"
1.01112099059075,-0.310757055824665,"1"
1.00649054248482,-0.294426404365488,"1"
0.365517633977742,-0.386466535186302,"2"
0.907829545875413,-0.241607617614682,"1"
0.655764309483251,0.102619027133072,"2"
0.958604386589544,-0.248022534925406,"1"
0.970819944479686,-0.239120837202552,"1"
0.936130696768406,-0.213672541920422,"1"
0.94930596877728,-0.205264582611668,"1"
-0.114200689251533,-0.414994196263769,"2"
0.218697964552767,-0.495751432149788,"2"
0.645721180664352,0.481772338676075,"2"
0.877551838243249,-0.169459631089034,"1"
0.940050511497843,-0.176735865631607,"1"
-0.917241154308,0.424463867469439,"2"
-0.496072322368281,0.6482974546843,"2"
0.63673024916178,0.431781954617883,"2"
-0.0436703804745753,0.817374223102557,"2"
0.950524860145657,-0.167190936167734,"1"
-0.0508216296717147,0.868905879906005,"2"
0.699856576468115,0.289825350190769,"2"
0.961438249229057,-0.15755580948894,"1"
0.947741583368475,-0.141195108345445,"1"
0.92887150532833,-0.123977536775919,"1"
1.01455487981862,-0.132118644432188,"1"
0.02338687861175,-0.517374657600872,"2"
0.966275736367139,-0.108054348819828,"1"
-0.285668738569219,-0.410702221307594,"2"
1.00531187009141,-0.103703930345031,"1"
1.06371032093292,-0.102187520544215,"1"
1.00600755373705,-0.0778199421076837,"1"
0.354146706465583,-0.421454094410394,"2"
0.689346123118594,-0.160277427738086,"2"
0.928021421194664,-0.0515464618273888,"1"
0.914354506888978,-0.0374991969448721,"1"
1.04313992622081,-0.0444691106541108,"1"
0.992736614294448,-0.0244984143776205,"1"
1.05517161216939,-0.0192811066458859,"1"
